ticker,empresa,data
AGRO3,BRASILAGRO,05/02/2026
BBSE3,BB SEGURIDADE,03/08/2026
ISAE4,ISA ENERGIA BRASIL,03/08/2026
PGMN3,EMPREENDIMENTOS PAGUE MENOS S.A.,03/08/2026
POMO4,MARCOPOLO,03/08/2026
TGMA3,TEGMA GESTAO LOGISTICA,03/08/2026
CBAV3,COMPANHIA BRASILEIRA DE ALUMINIO,04/08/2026
CEAB3,CEA MODAS,04/08/2026
GGBR4,GERDAU,04/08/2026
GOAU4,METALURGICA GERDAU,04/08/2026
IGTI3,JEREISSATI,04/08/2026
ITUB4,BANCO ITAU UNIBANCO,04/08/2026
PCAR3,CIA BRASILEIRA DE DISTRIBUICAO,04/08/2026
PRIO3,PETRO RIO,04/08/2026
RADL3,RAIA DROGASIL,04/08/2026
TEND3,CONSTRUTORA TENDA,04/08/2026
VULC3,VULCABRAS,04/08/2026
ALPK3,ALLPARK EMPREENDIMENTOS (ESTAPAR),05/08/2026
ANIM3,ANIMA,05/08/2026
AURE3,AUREN ENERGIA,05/08/2026
BBDC4,BRADESCO,05/08/2026
CASH3,MELIUZ,05/08/2026
CPLE3,COPEL,05/08/2026
EGIE3,ENGIE BRASIL,05/08/2026
GUAR3,GUARARAPES CONFECCOES,05/08/2026
KLBN11,KLABIN,05/08/2026
LAVV3,LAVVI,05/08/2026
MERC4,MERCANTIL DO BRASIL FINANCEIRA,05/08/2026
MILS3,MILLS,05/08/2026
MYPK3,IOCHPE MAXION,05/08/2026
NGRD3,NEOGRID,05/08/2026
ODPV3,ODONTOPREV,05/08/2026
PDTC3,PADTEC HOLDING,05/08/2026
SMFT3,SMARTFIT,05/08/2026
TOTS3,TOTVS,05/08/2026
VIVA3,VIVARA,05/08/2026
VLID3,VALID,05/08/2026
ABCB4,BANCO ABC BRASIL,06/08/2026
ALOS3,ALLOS,06/08/2026
ALPA4,ALPARGATAS,06/08/2026
ALUP11,ALUPAR,06/08/2026
ASAI3,SENDAS DISTRIBUIDORA (ASSAI),06/08/2026
BRBI11,BR ADVISORY PARTNERS,06/08/2026
ENGI11,ENERGISA,06/08/2026
EZTC3,EZ TEC,06/08/2026
FLRY3,FLEURY,06/08/2026
GRND3,GRENDENE,06/08/2026
HBRE3,HBR REALTY,06/08/2026
HYPE3,HYPERA,06/08/2026
LJQQ3,LOJAS QUERO-QUERO,06/08/2026
LOGG3,LOG COMMERCIAL PROPERTIES,06/08/2026
LREN3,LOJAS RENNER,06/08/2026
MGLU3,MAGAZINE LUIZA,06/08/2026
MTRE3,MITRE REALTY,06/08/2026
OFSA3,OURO FINO SAUDE ANIMAL,06/08/2026
OPCT3,OCEANPACT,06/08/2026
PETR4,PETROBRAS,06/08/2026
PNVL4,DIMED,06/08/2026
RENT3,LOCALIZA,06/08/2026
TUPY3,TUPY,06/08/2026
WIZC3,WIZ CO,06/08/2026
GOLL54,GOL,07/08/2026
PMAM3,PARANAPANEMA,07/08/2026
PSSA3,PORTO SEGURO,07/08/2026
BPAN4,BANCO PAN,10/08/2026
CXSE3,CAIXA SEGURIDADE,10/08/2026
EMBJ3,EMBRAER,10/08/2026
FESA4,FERBASA,10/08/2026
HBSA3,HIDROVIAS DO BRASIL,10/08/2026
ITSA4,ITAUSA,10/08/2026
JSLG11,JSL,10/08/2026
LAND3,TERRA SANTA PROPRIEDADES,10/08/2026
MOVI3,MOVIDA,10/08/2026
TECN3,TECHNOS,10/08/2026
AERI3,AERIS,11/08/2026
AMOB3,AUTOMOB PARTICIPACOES,11/08/2026
ARML3,ARMAC,11/08/2026
B3SA3,B3,11/08/2026
BLAU3,BLAU FARMACEUTICA,11/08/2026
BMOB3,BEMOBI,11/08/2026
BPAC11,BTG PACTUAL,11/08/2026
BRIT3,BRISANET,11/08/2026
CSED3,CRUZEIRO DO SUL EDUCACIONAL,11/08/2026
CSUD3,CSU DIGITAL,11/08/2026
CURY3,CURY,11/08/2026
DEXP3,DEXXOS PARTICIPACOES,11/08/2026
DIRR3,DIRECIONAL,11/08/2026
ENJU3,ENJOEI,11/08/2026
ESPA3,MPM CORPOREOS (ESPACOLASER),11/08/2026
ETER3,ETERNIT,11/08/2026
EUCA4,EUCATEX,11/08/2026
FRAS3,FRASLE MOBILITY,11/08/2026
HBOR3,HELBOR,11/08/2026
LPSB3,LOPES BRASIL,11/08/2026
NUTR3,NUTRIPLANT,11/08/2026
SCAR3,SAO CARLOS,11/08/2026
TAEE11,TAESA,11/08/2026
TASA4,TAURUS ARMAS,11/08/2026
VSTE3,VESTE,11/08/2026
VVEO3,CM HOSPITALAR (VIVEO),11/08/2026
ALLD3,ALLIED,12/08/2026
AMER3,AMERICANAS,12/08/2026
AZZA3,AZZAS 2154,12/08/2026
BBAS3,BANCO DO BRASIL,12/08/2026
BEEF3,MINERVA,12/08/2026
BHIA3,GRUPO CASAS BAHIA,12/08/2026
BRKM6,BRASKEM,12/08/2026
CMIN3,CSN MINERACAO,12/08/2026
COGN3,COGNA,12/08/2026
CSMG3,COPASA,12/08/2026
CSNA3,CSN (SID. NACIONAL),12/08/2026
CVCB3,CVC BRASIL,12/08/2026
DESK3,DESKTOP,12/08/2026
ENEV3,ENEVA,12/08/2026
EQTL3,EQUATORIAL ENERGIA,12/08/2026
FIQE3,UNIFIQUE,12/08/2026
GGPS3,GPS PARTICIPACOES,12/08/2026
HAPV3,HAPVIDA,12/08/2026
KEPL3,KEPLER WEBER,12/08/2026
LEVE3,MAHLE-METAL LEVE,12/08/2026
LOGN3,LOG-IN,12/08/2026
MATD3,HOSPITAL MATER DEI,12/08/2026
MDNE3,MOURA DUBEUX,12/08/2026
MELK3,MELNICK,12/08/2026
MLAS3,MULTILASER,12/08/2026
MRVE3,MRV,12/08/2026
OIBR4,OI,12/08/2026
ONCO3,ONCOCLINICAS,12/08/2026
OSXB3,OSX BRASIL,12/08/2026
PINE4,BANCO PINE,12/08/2026
PLPL3,PLANO & PLANO,12/08/2026
POSI3,POSITIVO,12/08/2026
QUAL3,QUALICORP,12/08/2026
RAIL3,RUMO,12/08/2026
RDOR3,REDE D OR,12/08/2026
SBSP3,SABESP,12/08/2026
SEER3,SER EDUCACIONAL,12/08/2026
SHOW3,TIME FOR FUN,12/08/2026
SIMH3,SIMPAR,12/08/2026
SLCE3,SLC AGRICOLA,12/08/2026
SUZB3,SUZANO,12/08/2026
TFCO4,TRACK & FIELD,12/08/2026
UGPA3,ULTRAPAR,12/08/2026
VITT3,VITTIA,12/08/2026
WDCN3,LIVETECH DA BAHIA,12/08/2026
WEST3,WESTWING,12/08/2026
AALR3,ALLIANCA SAUDE (ALLIAR),13/08/2026
AVLL3,ALPHAVILLE,13/08/2026
AZUL54,AZUL,13/08/2026
BMGB4,BANCO BMG,13/08/2026
BRAP4,BRADESPAR,13/08/2026
BRSR3,BANCO BANRISUL,13/08/2026
CEDO4,CEDRO TEXTIL,13/08/2026
CMIG4,CEMIG,13/08/2026
CPFE3,CPFL ENERGIA,13/08/2026
CPRE3,CPFL ENERGIAS RENOVAVEIS,13/08/2026
CYRE3,CYRELA,13/08/2026
DASA3,DASA,13/08/2026
DOTZ3,DOTZ,13/08/2026
EVEN3,EVEN,13/08/2026
FHER3,FERTILIZANTES HERINGER,13/08/2026
GFSA3,GAFISA,13/08/2026
GMAT3,GRUPO MATEUS,13/08/2026
IFCM3,INFRACOMMERCE,13/08/2026
IRBR3,IRB (RE),13/08/2026
JHSF3,JHSF,13/08/2026
LIGT3,LIGHT,13/08/2026
LWSA3,LOCAWEB,13/08/2026
MBRF3,MARFRIG (MBRF),13/08/2026
MDIA3,M.DIAS BRANCO,13/08/2026
MEAL3,INTERNATIONAL MEAL COMPANY,13/08/2026
ORVR3,ORIZON,13/08/2026
PASS3,COMPASS GAS E ENERGIA,13/08/2026
PETZ3,PETZ,13/08/2026
PRNR3,PRINER,13/08/2026
PTBL3,PORTOBELLO,13/08/2026
RAPT4,RANDON,13/08/2026
RNEW11,RENOVA,13/08/2026
SAPR11,SANEPAR,13/08/2026
SYNE3,SYN PROP E TECH,13/08/2026
TCSA3,TECNISA,13/08/2026
TPIS3,TPI - TRIUNFO,13/08/2026
TRAD3,TC TRADERS CLUB,13/08/2026
TRIS3,TRISUL,13/08/2026
TTEN3,TRES TENTOS,13/08/2026
UCAS3,UNICASA,13/08/2026
VAMO3,VAMOS,13/08/2026
YDUQ3,YDUQS,13/08/2026
AMAR3,LOJAS MARISA,14/08/2026
AMBP3,AMBIPAR,14/08/2026
BIOM3,BIOMM,14/08/2026
BRQB3,BRQ SOLUCOES,14/08/2026
CLSC4,CELESC,14/08/2026
CSAN3,COSAN,14/08/2026
FRIO3,METALFRIO,14/08/2026
IGSN3,IGUA SANEAMENTO,14/08/2026
LUPA3,LUPATECH,14/08/2026
PDGR3,PDG REALTY,14/08/2026
PTCA11,PRATICA KLIMAQUIP,14/08/2026
QUSW3,QUALITY SOFTWARE,14/08/2026
SEQL3,SEQUOIA LOGISTICA,14/08/2026
SOJA3,BOA SAFRA SEMENTES,14/08/2026
VBBR3,VIBRA ENERGIA,14/08/2026
VIVR3,VIVER,14/08/2026
BBML3,BBM LOGISTICA,15/08/2026
CAML3,CAMIL,08/10/2026
CTCA3,CTC,29/10/2026
AGXY3,AGROGALAXY,30/10/2026
SMTO3,SAO MARTINHO,09/11/2026
RAIZ4,RAIZEN,11/11/2026
JALL3,JALLES MACHADO,12/11/2026
